element_type,first_name,form,id,points_per_game,second_name,selected_by_percent,special,web_name,expected_goals,expected_assists,expected_goal_involvements,expected_goals_conceded,expected_goals_per_90,saves_per_90,expected_assists_per_90,expected_goal_involvements_per_90,expected_goals_conceded_per_90,goals_conceded_per_90,starts_per_90,clean_sheets_per_90
3,Fábio,2.7,4,3.8,Ferreira Vieira,0.1,False,Fábio Vieira,0.41,0.29,0.70,1.41,0.22,0.0,0.15,0.37,0.74,1.05,1.05,0.53
2,Gabriel,2.7,5,2.0,dos Santos Magalhães,12.8,False,Gabriel,0.07,0.04,0.11,3.51,0.02,0.0,0.01,0.03,1.07,0.92,0.92,0.31
3,Kai,1.0,6,1.3,Havertz,1.7,False,Havertz,0.76,0.48,1.24,4.13,0.19,0.0,0.12,0.31,1.02,0.98,0.98,0.25
4,Gabriel,3.0,8,2.5,Fernando de Jesus,4.0,False,G.Jesus,1.31,0.06,1.37,1.68,1.03,0.0,0.05,1.08,1.31,1.57,0.78,0.0
3,Jorge Luiz,0.7,9,1.0,Frello Filho,0.2,False,Jorginho,0.00,0.05,0.05,1.44,0.0,0.0,0.07,0.07,2.06,2.86,0.0,0.0
3,Gabriel,2.0,12,3.2,Martinelli Silva,4.7,False,Martinelli,0.79,0.54,1.33,2.99,0.2,0.0,0.14,0.34,0.76,1.01,1.26,0.25
4,Eddie,1.7,13,3.8,Nketiah,5.6,False,Nketiah,1.69,0.20,1.89,3.53,0.36,0.0,0.04,0.4,0.75,0.85,1.06,0.64
3,Martin,3.7,14,4.3,Ødegaard,22.0,False,Ødegaard,1.74,0.51,2.25,5.03,0.29,0.0,0.09,0.38,0.85,0.85,1.02,0.34
1,Aaron,0.7,17,2.8,Ramsdale,12.3,False,Ramsdale,0.00,0.01,0.01,3.73,0.0,1.25,0.0,0.0,0.93,1.0,1.0,0.25
3,Bukayo,7.7,19,7.3,Saka,58.7,False,Saka,3.02,2.01,5.03,5.18,0.51,0.0,0.34,0.85,0.87,1.0,1.0,0.33
2,William,3.0,20,3.8,Saliba,27.1,False,Saliba,0.04,0.10,0.14,5.53,0.01,0.0,0.02,0.03,0.92,1.0,1.0,0.33
3,Emile,0.3,22,1.0,Smith Rowe,0.1,False,Smith Rowe,0.00,0.01,0.01,0.08,0.0,0.0,0.9,0.9,7.2,0.0,0.0,0.0
2,Takehiro,0.7,25,1.5,Tomiyasu,0.3,False,Tomiyasu,0.03,0.07,0.10,2.85,0.02,0.0,0.05,0.07,1.97,0.69,0.69,0.69
3,Leandro,3.7,26,4.3,Trossard,1.9,False,Trossard,0.09,0.74,0.83,1.47,0.06,0.0,0.52,0.58,1.03,1.41,0.7,0.7
2,Benjamin,4.3,29,3.7,White,9.5,False,White,0.40,0.59,0.99,5.53,0.07,0.0,0.1,0.17,0.92,1.0,1.0,0.33
2,Oleksandr,3.3,31,2.4,Zinchenko,5.5,False,Zinchenko,0.08,0.25,0.33,3.11,0.03,0.0,0.08,0.11,1.0,1.29,0.97,0.32
1,David,3.3,113,5.0,Raya Martin,3.0,False,Raya,0.00,0.00,0.00,1.80,0.0,2.0,0.0,0.0,0.9,1.0,1.0,0.5
3,Declan,4.7,540,3.5,Rice,4.4,False,Rice,0.67,0.42,1.09,4.82,0.12,0.0,0.08,0.2,0.88,0.91,1.09,0.36
3,Reiss,0.7,578,1.0,Nelson,0.1,False,Nelson,0.02,0.09,0.11,0.18,0.13,0.0,0.58,0.71,1.16,0.0,0.0,0.0
3,Leon,2.3,34,4.4,Bailey,1.3,False,Bailey,1.09,0.99,2.08,5.27,0.49,0.0,0.44,0.93,2.36,1.79,0.9,0.45
2,Matty,2.0,36,4.7,Cash,19.9,False,Cash,2.89,0.34,3.23,9.20,0.49,0.0,0.06,0.55,1.54,1.51,1.01,0.34
3,Leander,0.7,40,1.0,Dendoncker,0.0,False,Dendoncker,0.00,0.00,0.00,0.19,0.0,0.0,0.0,0.0,8.55,0.0,0.0,0.0
2,Diego Carlos,0.3,41,1.0,Santos Silva,0.3,False,Diego Carlos,0.37,0.01,0.38,2.46,0.21,0.0,0.01,0.22,1.38,2.25,1.12,0.0
2,Lucas,3.7,42,4.2,Digne,5.1,False,Digne,0.06,0.75,0.81,9.39,0.01,0.0,0.13,0.14,1.59,1.7,1.02,0.34
3,Douglas Luiz,4.7,43,4.0,Soares de Paulo,2.1,False,Douglas Luiz,1.82,0.59,2.41,9.34,0.33,0.0,0.11,0.44,1.72,1.84,1.1,0.37
4,Jhon,2.3,44,3.0,Durán,0.3,False,Duran,0.73,0.01,0.74,1.02,1.15,0.0,0.02,1.17,1.61,0.0,0.0,0.0
3,Boubacar,1.7,47,2.2,Kamara,0.1,False,Kamara,0.05,0.17,0.22,8.85,0.01,0.0,0.03,0.04,1.57,1.78,1.07,0.36
2,Ezri,3.3,48,3.0,Konsa Ngoyo,1.0,False,Konsa,0.21,0.04,0.25,9.84,0.04,0.0,0.01,0.05,1.64,1.67,1.0,0.33
1,Emiliano,3.0,49,3.6,Martínez Romero,6.4,False,Martinez,0.00,0.00,0.00,9.11,0.0,3.4,0.0,0.0,1.82,1.8,1.0,0.4
3,John,2.0,50,3.3,McGinn,0.6,False,McGinn,1.05,0.35,1.40,7.49,0.2,0.0,0.07,0.27,1.41,1.51,1.13,0.38
3,Jacob,0.3,55,1.0,Ramsey,0.1,False,J.Ramsey,0.12,0.00,0.12,0.36,0.72,0.0,0.0,0.72,2.16,0.0,0.0,0.0
3,Youri,1.0,58,1.0,Tielemans,0.6,False,Tielemans,0.08,0.14,0.22,3.67,0.05,0.0,0.09,0.14,2.45,2.0,0.0,0.0
4,Ollie,5.3,60,5.2,Watkins,18.1,False,Watkins,2.17,0.36,2.53,9.15,0.39,0.0,0.06,0.45,1.65,1.8,1.08,0.36
2,Pau,3.7,584,3.2,Torres,2.1,False,Pau,0.03,0.07,0.10,8.76,0.01,0.0,0.01,0.02,1.55,1.41,0.88,0.35
3,Moussa,3.3,599,5.3,Diaby,11.5,False,Diaby,1.26,0.86,2.12,8.52,0.24,0.0,0.16,0.4,1.59,1.68,1.12,0.37
3,Nicolò,1.3,672,1.2,Zaniolo,0.1,False,Zaniolo,0.44,0.40,0.84,2.00,0.23,0.0,0.21,0.44,1.05,0.52,1.05,0.52
3,Philip,2.3,63,2.2,Billing,0.4,False,Billing,1.17,0.23,1.40,12.73,0.2,0.0,0.04,0.24,2.18,1.88,1.03,0.17
3,David,3.0,64,2.2,Brooks,0.1,False,Brooks,1.59,0.31,1.90,3.20,0.99,0.0,0.19,1.18,2.0,1.25,0.62,0.0
3,Ryan,3.3,65,2.5,Christie,0.0,False,Christie,0.26,0.62,0.88,10.82,0.05,0.0,0.13,0.18,2.2,1.83,1.22,0.2
3,Lewis,2.3,66,2.0,Cook,0.0,False,L.Cook,0.07,0.12,0.19,7.59,0.02,0.0,0.03,0.05,2.17,1.71,0.86,0.29
2,Lloyd,3.0,70,2.5,Kelly,0.0,False,Kelly,0.00,0.07,0.07,5.60,0.0,0.0,0.02,0.02,1.83,1.63,0.98,0.33
3,Justin,1.7,72,1.3,Kluivert,0.2,False,Kluivert,0.35,0.64,0.99,5.45,0.11,0.0,0.21,0.32,1.78,1.3,0.98,0.0
2,Chris,0.3,75,0.5,Mepham,0.1,False,Mepham,0.00,0.01,0.01,1.22,0.0,0.0,0.03,0.03,3.33,2.73,0.0,0.0
1,Norberto,4.0,77,4.3,Murara Neto,1.5,False,Neto,0.00,0.01,0.01,13.08,0.0,4.33,0.0,0.0,2.18,1.83,1.0,0.17
3,Dango,1.3,78,2.0,Ouattara,0.0,False,O.Dango,0.40,0.01,0.41,1.38,0.4,0.0,0.01,0.41,1.4,1.01,1.01,1.01
4,Antoine,0.7,82,2.8,Semenyo,3.0,False,Semenyo,0.70,0.13,0.83,7.12,0.26,0.0,0.05,0.31,2.59,2.55,1.09,0.0
2,Marcos,1.7,83,1.4,Senesi,0.1,False,Senesi,0.00,0.26,0.26,7.83,0.0,0.0,0.09,0.09,2.76,2.12,1.06,0.0
4,Dominic,5.0,85,4.8,Solanke,2.1,False,Solanke,2.76,0.25,3.01,13.08,0.46,0.0,0.04,0.5,2.18,1.83,1.0,0.17
3,Marcus,3.0,86,3.0,Tavernier,0.0,False,Tavernier,0.07,0.38,0.45,4.21,0.04,0.0,0.22,0.26,2.48,1.76,1.18,0.59
3,Hamed,0.3,87,1.0,Traorè,0.0,False,Hamed Traorè,0.17,0.01,0.18,0.84,0.35,0.0,0.02,0.37,1.72,2.05,0.0,0.0
2,Illia,2.3,89,1.8,Zabarnyi,0.1,False,Zabarnyi,0.07,0.03,0.10,13.08,0.01,0.0,0.0,0.01,2.18,1.83,1.0,0.17
2,Milos,1.7,595,1.5,Kerkez,0.2,False,Kerkez,0.00,0.31,0.31,12.58,0.0,0.0,0.05,0.05,2.16,1.89,1.03,0.17
2,Max,2.3,643,1.8,Aarons,0.2,False,Aarons,0.02,0.23,0.25,12.89,0.0,0.0,0.04,0.04,2.21,1.89,1.03,0.17
3,Luis,0.5,705,1.0,Sinisterra,0.0,False,Sinisterra,0.00,0.00,0.00,0.50,0.0,0.0,0.0,0.0,2.65,0.0,0.0,0.0
2,Kristoffer,0.3,90,1.5,Ajer,0.3,False,Ajer,0.41,1.32,1.73,2.10,0.3,0.0,0.97,1.27,1.55,2.95,0.74,0.0
2,Nathan,2.0,96,2.5,Collins,0.5,False,Collins,0.13,0.48,0.61,5.79,0.03,0.0,0.09,0.12,1.14,1.37,0.98,0.2
1,Mark,1.7,101,2.8,Flekken,3.6,False,Flekken,0.00,0.00,0.00,7.81,0.0,2.83,0.0,0.0,1.3,1.5,1.0,0.17
2,Rico,0.7,103,2.6,Henry,2.5,False,Henry,0.07,0.90,0.97,5.12,0.02,0.0,0.2,0.22,1.15,1.12,1.12,0.22
2,Aaron,1.0,104,1.7,Hickey,0.4,False,Hickey,0.16,0.12,0.28,7.44,0.03,0.0,0.02,0.05,1.42,1.72,1.14,0.19
3,Vitaly,3.0,105,2.7,Janelt,0.1,False,Janelt,0.31,0.23,0.54,5.86,0.06,0.0,0.04,0.1,1.12,1.14,1.14,0.19
3,Mathias,6.7,106,5.0,Jensen,1.2,False,Jensen,0.22,1.38,1.60,7.08,0.04,0.0,0.26,0.3,1.36,1.54,1.15,0.38
3,Keane,1.3,107,1.2,Lewis-Potter,0.0,False,Lewis-Potter,0.95,0.27,1.21,2.99,0.59,0.0,0.17,0.76,1.87,2.5,0.62,0.0
3,Bryan,3.7,108,6.0,Mbeumo,28.3,False,Mbeumo,4.26,1.12,5.38,7.81,0.71,0.0,0.19,0.9,1.3,1.5,1.0,0.17
2,Ben,1.0,109,1.5,Mee,2.1,False,Mee,0.00,0.16,0.16,3.45,0.0,0.0,0.1,0.1,2.06,1.79,1.19,0.0
3,Christian,1.7,110,2.5,Nørgaard,0.1,False,Nørgaard,0.38,0.44,0.82,7.47,0.07,0.0,0.08,0.15,1.37,1.65,1.1,0.18
3,Frank,1.0,111,1.0,Onyeka,0.0,False,Onyeka,0.29,0.73,1.02,2.12,0.31,0.0,0.79,1.1,2.3,4.34,0.0,0.0
2,Ethan,1.3,112,2.3,Pinnock,1.9,False,Pinnock,0.68,0.25,0.93,7.81,0.11,0.0,0.04,0.15,1.3,1.5,1.0,0.17
2,Mads,1.0,114,1.2,Roerslev Rasmussen,0.1,False,Roerslev,0.03,0.04,0.07,2.10,0.02,0.0,0.03,0.05,1.37,1.3,0.65,0.0
3,Kevin,2.0,115,3.8,Schade,0.1,False,Schade,0.80,0.35,1.15,2.36,0.28,0.0,0.12,0.4,0.83,0.71,1.06,0.35
4,Yoane,1.7,119,4.5,Wissa,11.5,False,Wissa,2.81,0.16,2.97,7.47,0.5,0.0,0.03,0.53,1.32,1.59,1.06,0.18
4,Neal,0.3,258,1.3,Maupay,0.7,False,Maupay,1.51,0.03,1.54,1.30,1.06,0.0,0.02,1.08,0.91,1.41,0.7,0.7
3,Michael,0.7,620,1.0,Olakigbe,0.0,False,Olakigbe,0.04,0.01,0.05,0.00,0.4,0.0,0.1,0.5,0.0,0.0,0.0,0.0
3,Simon,2.7,122,3.0,Adingra,0.3,False,Adingra,0.35,0.30,0.65,4.25,0.15,0.0,0.13,0.28,1.86,1.75,0.87,0.0
3,Facundo,0.3,125,1.0,Buonanotte,0.0,False,Buonanotte,0.04,0.02,0.06,0.45,0.08,0.0,0.04,0.12,0.9,2.0,2.0,0.0
3,Mahmoud,2.3,128,2.2,Dahoud,0.1,False,Dahoud,0.11,0.30,0.41,2.60,0.04,0.0,0.11,0.15,0.96,1.11,1.11,0.37
2,Lewis,1.7,129,1.7,Dunk,3.6,False,Dunk,0.58,0.70,1.28,10.47,0.1,0.0,0.12,0.22,1.74,1.33,1.0,0.0
2,Pervis,2.7,131,5.4,Estupiñán,61.8,False,Estupiñan,0.41,1.45,1.86,9.51,0.08,0.0,0.29,0.37,1.9,1.4,1.0,0.0
4,Evan,6.3,132,4.5,Ferguson,7.8,False,Ferguson,2.68,0.44,3.12,5.95,0.95,0.0,0.16,1.11,2.1,1.76,1.06,0.35
3,Billy,6.0,133,3.7,Gilmour,0.6,False,Gilmour,0.23,0.85,1.08,7.49,0.06,0.0,0.22,0.28,1.96,1.31,1.05,0.26
3,Pascal,4.3,134,5.2,Groß,1.8,False,Gross,0.99,1.01,2.00,8.48,0.2,0.0,0.21,0.41,1.74,1.23,1.03,0.21
4,João Pedro,3.3,135,3.0,Junqueira de Jesus,10.8,False,João Pedro,1.91,0.53,2.44,5.42,0.62,0.0,0.17,0.79,1.75,1.29,0.65,0.32
3,Adam,1.0,138,1.2,Lallana,0.1,False,Lallana,0.00,0.06,0.06,2.53,0.0,0.0,0.05,0.05,2.05,1.62,0.81,0.81
2,Tariq,2.7,139,2.7,Lamptey,7.3,False,Lamptey,0.02,0.08,0.10,1.54,0.02,0.0,0.08,0.1,1.51,1.96,0.98,0.0
3,Solly,1.0,140,7.2,March,7.1,False,March,1.59,0.40,1.99,6.11,0.46,0.0,0.11,0.57,1.75,1.15,1.15,0.57
3,James,0.3,142,1.2,Milner,0.1,False,Milner,0.00,0.26,0.26,4.59,0.0,0.0,0.1,0.1,1.82,1.59,1.19,0.4
3,Kaoru,7.0,143,6.5,Mitoma,44.2,False,Mitoma,1.68,1.89,3.57,9.84,0.31,0.0,0.35,0.66,1.83,1.3,0.93,0.0
1,Jason,1.0,148,2.7,Steele,3.3,False,Steele,0.00,0.00,0.00,4.47,0.0,3.0,0.0,0.0,1.49,1.0,1.0,0.0
2,Jan Paul,1.0,150,1.7,van Hecke,1.8,False,Van Hecke,0.02,0.02,0.04,3.71,0.01,0.0,0.01,0.02,1.24,1.0,1.0,0.0
2,Joël,1.7,151,1.8,Veltman,0.9,False,Veltman,0.07,0.06,0.13,6.35,0.02,0.0,0.02,0.04,1.72,1.36,0.81,0.0
1,Bart,1.3,152,2.0,Verbruggen,0.4,False,Verbruggen,0.00,0.00,0.00,6.00,0.0,2.67,0.0,0.0,2.0,1.67,1.0,0.0
2,Adam,0.7,153,1.3,Webster,0.2,False,Webster,0.10,0.07,0.17,6.76,0.03,0.0,0.02,0.05,2.25,1.67,1.0,0.0
4,Danny,3.0,154,2.6,Welbeck,1.1,False,Welbeck,1.07,0.36,1.43,4.75,0.3,0.0,0.1,0.4,1.35,0.85,1.42,0.57
3,Carlos,0.3,690,1.0,Baleba,0.0,False,Baleba,0.00,0.00,0.00,0.79,0.0,0.0,0.0,0.0,4.44,0.0,0.0,0.0
3,Anssumane,0.7,700,1.0,Fati Vieira,0.5,False,Ansu Fati,1.18,0.06,1.24,1.15,1.5,0.0,0.08,1.58,1.46,1.27,0.0,0.0
2,Ameen,1.3,157,1.2,Al-Dakhil,0.8,False,Al-Dakhil,0.13,0.48,0.61,8.62,0.03,0.0,0.1,0.13,1.72,2.6,1.0,0.0
3,Manuel Benson,0.3,159,1.0,Hedilazio,0.1,False,Benson,0.03,0.01,0.04,3.09,0.04,0.0,0.01,0.05,4.28,4.15,1.38,0.0
2,Jordan,1.0,160,1.0,Beyer,2.9,False,Beyer,0.00,0.02,0.02,4.70,0.0,0.0,0.01,0.01,1.31,2.51,1.11,0.0
3,Josh,3.0,161,2.5,Brownhill,0.2,False,Brownhill,0.36,0.39,0.75,2.80,0.15,0.0,0.16,0.31,1.14,2.04,0.81,0.0
3,Jack,0.3,163,1.0,Cork,0.0,False,Cork,0.00,0.01,0.01,0.13,0.0,0.0,0.06,0.06,0.73,0.0,0.0,0.0
3,Josh,2.7,165,2.2,Cullen,0.1,False,Cullen,0.03,0.74,0.77,8.62,0.01,0.0,0.15,0.16,1.72,2.6,1.0,0.0
4,Lyle,2.7,168,4.2,Foster,0.6,False,Foster,0.96,0.10,1.06,7.60,0.25,0.0,0.03,0.28,1.95,3.09,1.03,0.0
3,Jóhann Berg,1.0,170,1.8,Gudmundsson,0.0,False,Gudmundsson,0.00,0.24,0.24,2.52,0.0,0.0,0.13,0.13,1.33,2.11,1.58,0.0
2,Connor,1.0,176,1.0,Roberts,0.3,False,Roberts,0.00,0.28,0.28,8.62,0.0,0.0,0.06,0.06,1.72,2.6,1.0,0.0
4,Jay,0.3,177,1.0,Rodriguez,0.2,False,Rodriguez,0.53,0.00,0.53,0.44,1.83,0.0,0.0,1.83,1.52,0.0,0.0,0.0
2,Charlie,1.3,178,2.0,Taylor,1.3,False,Taylor,0.02,0.03,0.05,1.63,0.01,0.0,0.02,0.03,0.82,1.0,1.0,0.0
3,Anass,0.3,184,-0.5,Zaroury,0.0,False,Zaroury,0.13,0.06,0.19,1.57,0.21,0.0,0.09,0.3,2.48,1.58,0.0,0.0
3,Sander,1.0,475,1.2,Berge,0.1,False,Berge,0.21,0.04,0.25,5.98,0.08,0.0,0.01,0.09,2.2,2.94,1.1,0.0
4,Zeki,3.7,594,3.0,Amdouni,0.5,False,Amdouni,0.73,0.22,0.95,5.81,0.2,0.0,0.06,0.26,1.57,2.69,1.35,0.0
1,James,2.0,596,2.0,Trafford,1.0,False,Trafford,0.00,0.00,0.00,8.62,0.0,3.8,0.0,0.0,1.72,2.6,1.0,0.0
3,Nathan,0.3,600,1.0,Redmond,0.0,False,Redmond,0.00,0.26,0.26,1.34,0.0,0.0,0.44,0.44,2.28,3.4,0.0,0.0
3,Luca,3.0,605,2.6,Koleosho,0.3,False,Koleosho,0.25,0.48,0.73,6.39,0.07,0.0,0.13,0.2,1.69,3.17,1.32,0.0
3,Jacob,0.7,608,1.0,Bruun Larsen,0.0,False,Bruun Larsen,0.21,0.07,0.28,1.82,0.25,0.0,0.08,0.33,2.13,1.17,0.0,0.0
3,Aaron,0.7,675,1.5,Ramsey,0.0,False,A.Ramsey,0.05,0.44,0.49,0.79,0.05,0.0,0.42,0.47,0.76,0.96,0.96,0.0
3,Mike,1.5,706,1.5,Trésor,0.0,False,M.Trésor,0.05,0.13,0.18,0.88,0.05,0.0,0.14,0.19,0.94,1.07,0.0,0.0
3,Moisés,1.3,126,2.0,Caicedo Corozo,1.6,False,Caicedo,0.14,0.11,0.25,2.65,0.05,0.0,0.04,0.09,0.87,0.99,0.99,0.33
1,Robert,5.3,145,4.3,Sánchez,6.4,False,Sanchez,0.00,0.00,0.00,6.45,0.0,2.67,0.0,0.0,1.08,1.0,1.0,0.33
4,Armando,0.3,193,1.0,Broja,0.1,False,Broja,0.01,0.00,0.01,0.41,0.08,0.0,0.0,0.08,3.35,0.0,0.0,0.0
2,Ben,0.3,195,2.5,Chilwell,16.0,False,Chilwell,0.85,1.27,2.12,4.08,0.23,0.0,0.34,0.57,1.1,1.35,1.08,0.27
2,Levi,3.3,197,3.2,Colwill,4.0,False,Colwill,0.84,0.22,1.06,6.36,0.14,0.0,0.04,0.18,1.08,1.02,1.02,0.34
3,Enzo,2.7,199,1.8,Fernández,3.5,False,Enzo,1.59,1.32,2.91,5.64,0.28,0.0,0.23,0.51,1.0,0.89,1.07,0.53
3,Conor,2.0,202,2.2,Gallagher,0.4,False,Gallagher,0.48,0.68,1.16,5.46,0.09,0.0,0.12,0.21,0.99,0.91,1.09,0.36
2,Malo,2.0,203,3.7,Gusto,10.3,False,Gusto,0.08,0.39,0.47,5.10,0.02,0.0,0.09,0.11,1.12,0.88,1.1,0.44
3,Noni,0.3,208,1.0,Madueke,0.1,False,Madueke,0.07,0.13,0.20,0.99,0.15,0.0,0.27,0.42,2.07,2.09,0.0,0.0
3,Mykhailo,2.0,210,1.6,Mudryk,0.8,False,Mudryk,0.10,0.79,0.89,1.95,0.05,0.0,0.38,0.43,0.93,0.95,0.95,0.95
4,Nicolas,1.0,211,2.0,Jackson,6.1,False,N.Jackson,3.68,0.72,4.40,5.66,0.65,0.0,0.13,0.78,1.0,0.88,1.06,0.53
3,Raheem,2.0,216,4.8,Sterling,11.6,False,Sterling,1.74,1.13,2.87,6.40,0.3,0.0,0.19,0.49,1.09,1.02,1.02,0.34
2,Thiago,3.3,217,3.2,Emiliano da Silva,3.6,False,T.Silva,0.10,0.20,0.30,6.45,0.02,0.0,0.03,0.05,1.08,1.0,1.0,0.33
3,Cole,1.0,362,1.0,Palmer,0.3,False,Palmer,0.35,0.19,0.54,1.48,0.36,0.0,0.2,0.56,1.53,1.03,0.0,0.0
3,Ian,0.7,609,0.8,Maatsen,0.1,False,Maatsen,0.26,0.06,0.32,0.23,0.67,0.0,0.15,0.82,0.59,0.0,0.0,0.0
2,Axel,3.0,611,4.3,Disasi,6.7,False,Disasi,0.69,0.92,1.61,6.45,0.12,0.0,0.15,0.27,1.08,1.0,1.0,0.33
3,Lesley,1.3,613,1.5,Ugochukwu,0.3,False,Ugochukwu,0.00,0.08,0.08,1.99,0.0,0.0,0.06,0.06,1.49,0.75,0.75,0.75
3,Naouirou,0.3,219,1.0,Ahamada,0.1,False,Ahamada,0.00,0.02,0.02,1.88,0.0,0.0,0.05,0.05,4.7,5.0,0.0,0.0
2,Joachim,2.7,220,5.0,Andersen,9.2,False,Andersen,0.26,0.47,0.73,8.60,0.04,0.0,0.08,0.12,1.43,1.17,1.0,0.33
3,Jordan,1.7,221,2.8,Ayew,0.4,False,J.Ayew,0.95,0.50,1.45,5.69,0.18,0.0,0.09,0.27,1.08,0.76,1.14,0.38
3,Cheick,2.0,223,2.0,Doucouré,0.1,False,C.Doucouré,0.12,0.46,0.58,7.96,0.02,0.0,0.08,0.1,1.33,1.0,1.0,0.33
4,Odsonne,7.7,225,5.7,Edouard,4.5,False,Edouard,2.80,0.28,3.08,6.20,0.49,0.0,0.05,0.54,1.08,0.69,1.04,0.35
3,Eberechi,4.0,226,3.2,Eze,7.6,False,Eze,2.26,1.52,3.78,8.60,0.38,0.0,0.25,0.63,1.43,1.17,1.0,0.33
2,Marc,3.0,228,3.8,Guéhi,1.5,False,Guéhi,0.04,0.15,0.19,5.39,0.01,0.0,0.03,0.04,1.08,0.8,1.0,0.4
3,Will,1.7,229,1.7,Hughes,0.0,False,Hughes,0.04,0.05,0.09,4.32,0.02,0.0,0.02,0.04,2.15,1.99,0.99,0.5
1,Sam,3.3,230,3.3,Johnstone,1.8,False,Johnstone,0.00,0.00,0.00,8.60,0.0,2.0,0.0,0.0,1.43,1.17,1.0,0.33
3,Jefferson,0.7,231,2.2,Lerma Solís,0.1,False,Lerma,0.18,0.36,0.54,4.80,0.04,0.0,0.09,0.13,1.2,1.0,1.0,0.25
4,Jean-Philippe,4.3,232,3.5,Mateta,0.5,False,Mateta,0.06,0.22,0.28,4.13,0.04,0.0,0.16,0.2,3.02,2.93,0.0,0.0
2,Tyrick,3.3,234,3.7,Mitchell,1.2,False,Mitchell,0.03,0.43,0.46,8.60,0.0,0.0,0.07,0.07,1.43,1.17,1.0,0.33
2,Chris,0.3,238,1.0,Richards,0.5,False,C.Richards,0.00,0.00,0.00,3.21,0.0,0.0,0.0,0.0,3.21,3.0,1.0,0.0
3,Jeffrey,2.3,240,2.3,Schlupp,0.1,False,Schlupp,0.27,0.36,0.63,7.38,0.05,0.0,0.07,0.12,1.44,1.17,1.17,0.39
2,Joel,2.0,242,2.7,Ward,0.3,False,Ward,0.49,0.07,0.56,8.60,0.08,0.0,0.01,0.09,1.45,1.18,1.02,0.34
3,Jesurun,0.7,657,1.0,Rak-Sakyi,0.0,False,Rak-Sakyi,0.02,0.08,0.10,0.64,0.2,0.0,0.8,1.0,6.4,10.0,0.0,0.0
2,Jarrad,1.0,245,1.0,Branthwaite,0.5,False,Branthwaite,0.24,0.16,0.40,4.46,0.06,0.0,0.04,0.1,1.12,1.25,1.0,0.0
4,Dominic,2.0,246,2.3,Calvert-Lewin,1.0,False,Calvert-Lewin,0.71,0.02,0.73,3.13,0.73,0.0,0.02,0.75,3.2,3.07,1.02,0.0
3,Abdoulaye,5.7,249,3.8,Doucouré,0.9,False,A.Doucoure,2.05,0.31,2.36,9.07,0.35,0.0,0.05,0.4,1.54,1.7,1.02,0.0
3,James,3.3,250,2.5,Garner,0.1,False,Garner,0.12,0.68,0.80,7.40,0.02,0.0,0.14,0.16,1.53,1.86,1.03,0.0
2,Ben,0.3,252,1.0,Godfrey,0.1,False,Godfrey,0.00,0.00,0.00,0.37,0.0,0.0,0.0,0.0,33.3,0.0,0.0,0.0
3,Idrissa,2.0,254,1.7,Gueye,0.0,False,Gana,0.15,0.36,0.51,7.80,0.03,0.0,0.07,0.1,1.42,1.45,1.09,0.0
3,Dwight,2.7,259,2.7,McNeil,0.1,False,McNeil,0.19,0.31,0.50,2.54,0.09,0.0,0.15,0.24,1.19,0.94,0.94,0.0
2,Vitalii,1.3,260,2.0,Mykolenko,0.2,False,Mykolenko,0.16,0.03,0.19,2.06,0.08,0.0,0.02,0.1,1.03,1.0,1.0,0.0
3,Amadou,2.0,261,2.0,Onana,0.2,False,Onana,0.26,0.65,0.91,8.94,0.04,0.0,0.11,0.15,1.53,1.71,1.03,0.0
2,Nathan,2.3,262,2.0,Patterson,0.2,False,Patterson,0.34,0.61,0.95,7.01,0.08,0.0,0.15,0.23,1.74,1.98,0.99,0.0
1,Jordan,2.0,263,1.7,Pickford,9.6,False,Pickford,0.00,0.06,0.06,9.07,0.0,2.67,0.01,0.01,1.51,1.67,1.0,0.0
2,James,5.7,265,3.5,Tarkowski,3.3,False,Tarkowski,0.65,0.76,1.41,8.70,0.11,0.0,0.13,0.24,1.45,1.67,1.0,0.0
2,Ashley,1.0,588,1.2,Young,0.5,False,Young,0.07,0.66,0.73,9.07,0.01,0.0,0.11,0.12,1.52,1.68,1.01,0.0
3,Arnaut,3.3,601,2.3,Danjuma Groeneveld,0.3,False,Danjuma,1.80,0.17,1.97,5.44,0.46,0.0,0.04,0.5,1.39,1.78,0.76,0.0
4,Youssef,0.3,645,0.5,Ramalho Chermiti,0.0,False,Y. Chermiti,0.06,0.03,0.09,0.57,0.21,0.0,0.1,0.31,1.97,3.46,0.0,0.0
4,Norberto Bercique,2.0,691,2.0,Gomes Betuncal,0.4,False,Beto,0.61,0.08,0.69,2.29,0.25,0.0,0.03,0.28,0.95,1.24,1.24,0.41
3,Alex,0.7,256,1.2,Iwobi,0.3,False,Iwobi,0.43,0.39,0.82,4.17,0.21,0.0,0.19,0.4,2.05,1.48,0.98,0.0
3,Andreas,2.3,267,3.5,Hoelgebaum Pereira,1.1,False,Andreas,0.21,0.44,0.65,7.37,0.05,0.0,0.1,0.15,1.64,1.56,1.11,0.67
3,Tom,0.7,268,1.0,Cairney,0.0,False,Cairney,0.04,0.08,0.12,4.27,0.03,0.0,0.07,0.1,3.56,1.67,1.67,0.0
3,Bobby,2.7,270,3.0,De Cordova-Reid,0.2,False,De Cordova-Reid,1.69,0.24,1.93,7.84,0.42,0.0,0.06,0.48,1.97,2.01,1.0,0.25
2,Issa,3.3,271,3.3,Diop,0.9,False,Diop,0.12,0.27,0.39,13.62,0.02,0.0,0.04,0.06,2.27,1.67,1.0,0.5
1,Bernd,5.3,275,5.8,Leno,15.0,False,Leno,0.00,0.00,0.00,13.62,0.0,4.5,0.0,0.0,2.27,1.67,1.0,0.5
4,Rodrigo,0.3,279,1.0,Muniz Carvalho,0.6,False,Muniz,0.00,0.03,0.03,1.46,0.0,0.0,0.21,0.21,10.11,13.85,0.0,0.0
3,João,1.7,280,3.8,Palhinha Gonçalves,0.4,False,J.Palhinha,0.33,0.05,0.38,6.70,0.1,0.0,0.02,0.12,2.06,0.92,0.92,0.61
2,Tim,6.7,281,5.0,Ream,1.9,False,Ream,0.96,0.09,1.05,13.03,0.2,0.0,0.02,0.22,2.77,1.7,1.06,0.64
3,Harrison,2.7,282,2.7,Reed,0.6,False,Reed,0.01,0.32,0.33,9.03,0.0,0.0,0.07,0.07,1.95,1.73,1.08,0.65
2,Antonee,2.0,283,2.8,Robinson,0.6,False,Robinson,0.00,0.22,0.22,12.34,0.0,0.0,0.04,0.04,2.47,2.0,1.0,0.4
2,Kenny,2.0,285,2.4,Tete,0.5,False,Tete,0.19,0.22,0.41,11.87,0.04,0.0,0.05,0.09,2.5,1.69,1.05,0.42
4,Carlos Vinícius,2.7,287,4.0,Alves Morais,2.0,False,Vinícius,0.32,0.01,0.33,0.48,0.74,0.0,0.02,0.76,1.11,0.0,0.0,0.0
3,Harry,2.0,288,2.2,Wilson,0.2,False,Wilson,0.29,0.42,0.71,11.84,0.06,0.0,0.09,0.15,2.53,1.71,1.07,0.43
4,Raúl,2.0,558,1.7,Jiménez,0.8,False,Raúl,0.69,0.29,0.98,11.08,0.14,0.0,0.06,0.2,2.21,1.6,1.2,0.4
3,Willian,3.3,591,2.2,Borges da Silva,0.3,False,Willian,0.29,0.19,0.48,5.49,0.1,0.0,0.06,0.16,1.87,0.68,1.02,0.68
2,Calvin,0.3,610,0.0,Bassey,0.2,False,Bassey,0.00,0.00,0.00,6.07,0.0,0.0,0.0,0.0,5.15,2.55,0.85,0.0
3,Adama,0.3,662,1.0,Traoré,0.0,False,Adama,0.12,0.00,0.12,2.40,0.34,0.0,0.0,0.34,6.75,8.44,0.0,0.0
3,Luke,0.7,683,2.0,Harris,0.0,False,Harris,0.28,0.01,0.29,2.26,0.34,0.0,0.01,0.35,2.75,6.08,0.0,0.0
2,Timothy,5.0,688,5.0,Castagne,0.4,False,Castagne,0.07,0.26,0.33,1.77,0.03,0.0,0.12,0.15,0.81,0.46,0.91,0.91
2,Trent,4.0,290,4.0,Alexander-Arnold,8.1,False,Alexander-Arnold,0.19,0.54,0.73,4.30,0.05,0.0,0.15,0.2,1.19,0.83,1.1,0.28
1,Alisson,4.3,291,3.8,Ramses Becker,10.8,False,A.Becker,0.00,0.00,0.00,6.97,0.0,3.67,0.0,0.0,1.16,0.83,1.0,0.17
4,Darwin,5.0,293,4.7,Núñez Ribeiro,12.8,False,Darwin,2.76,0.36,3.12,2.81,1.13,0.0,0.15,1.28,1.15,0.41,0.82,0.41
3,Diogo,2.7,294,4.2,Teixeira da Silva,2.0,False,Diogo J.,1.36,0.38,1.74,2.74,0.47,0.0,0.13,0.6,0.94,1.03,1.03,0.0
3,Harvey,1.3,295,1.4,Elliott,0.2,False,Elliott,0.12,0.19,0.31,2.04,0.09,0.0,0.14,0.23,1.54,0.0,0.0,0.0
4,Cody,2.7,297,2.2,Gakpo,3.0,False,Gakpo,1.56,0.11,1.67,2.98,0.51,0.0,0.04,0.55,0.98,1.32,1.32,0.0
2,Joe,3.3,298,2.4,Gomez,0.5,False,Gomez,0.06,0.10,0.16,4.58,0.02,0.0,0.03,0.05,1.21,0.53,0.79,0.26
3,Curtis,2.0,300,1.8,Jones,0.1,False,Jones,0.04,0.08,0.12,2.51,0.01,0.0,0.03,0.04,0.89,0.71,1.07,0.36
2,Ibrahima,0.3,302,1.7,Konaté,1.2,False,Konaté,0.05,0.01,0.06,2.69,0.02,0.0,0.0,0.02,1.29,0.96,0.96,0.0
3,Luis,2.0,303,3.7,Díaz,9.6,False,Luis Díaz,1.62,0.89,2.51,4.82,0.38,0.0,0.21,0.59,1.14,0.94,1.18,0.24
3,Alexis,3.0,304,1.7,Mac Allister,4.3,False,Mac Allister,0.03,0.72,0.75,7.41,0.01,0.0,0.15,0.16,1.51,1.02,1.22,0.2
2,Joel,3.3,305,3.0,Matip,0.5,False,Matip,0.40,0.09,0.49,4.00,0.1,0.0,0.02,0.12,1.04,0.78,1.04,0.26
2,Andrew,6.3,307,4.2,Robertson,6.8,False,Robertson,0.42,0.76,1.18,6.97,0.07,0.0,0.13,0.2,1.16,0.83,1.0,0.17
3,Mohamed,9.3,308,7.2,Salah,31.5,False,Salah,3.74,2.35,6.09,6.68,0.65,0.0,0.41,1.06,1.15,0.86,1.04,0.17
3,Dominik,4.7,309,3.8,Szoboszlai,5.3,False,Szoboszlai,0.51,0.94,1.45,6.97,0.08,0.0,0.16,0.24,1.16,0.83,1.0,0.17
2,Virgil,2.3,313,2.2,van Dijk,6.4,False,Virgil,0.52,0.12,0.64,7.15,0.16,0.0,0.04,0.2,2.17,1.21,1.21,0.0
2,Jarell,1.0,626,1.3,Quansah,0.1,False,Quansah,0.00,0.01,0.01,0.99,0.0,0.0,0.01,0.01,0.78,0.79,0.79,0.0
3,Wataru,0.7,668,1.0,Endo,0.1,False,Endo,0.00,0.01,0.01,2.36,0.0,0.0,0.01,0.01,2.39,1.01,1.01,0.0
3,Ryan,1.0,708,1.0,Gravenberch,0.0,False,Gravenberch,0.00,0.00,0.00,0.04,0.0,0.0,0.0,0.0,0.26,0.0,0.0,0.0
3,Albert,1.0,21,1.5,Sambi Lokonga,0.0,False,Sambi,0.06,0.01,0.07,1.07,0.04,0.0,0.01,0.05,0.74,1.38,1.38,0.0
3,Marvelous,1.7,52,1.6,Nakamba,1.2,False,Nakamba,0.09,0.30,0.39,8.82,0.02,0.0,0.06,0.08,1.76,2.2,1.0,0.0
4,Elijah,1.3,314,1.6,Adebayo,0.6,False,Adebayo,0.40,0.17,0.57,3.98,0.16,0.0,0.07,0.23,1.61,1.62,1.22,0.0
2,Mads Juel,3.3,315,2.8,Andersen,2.0,False,Andersen,0.21,0.00,0.21,4.46,0.07,0.0,0.0,0.07,1.5,1.68,1.01,0.0
2,Amari'i,1.7,316,1.2,Bell,6.0,False,Bell,0.37,0.06,0.43,8.82,0.07,0.0,0.01,0.08,1.76,2.2,1.0,0.0
2,Reece,1.7,318,1.5,Burke,0.1,False,Burke,0.32,0.05,0.37,4.60,0.09,0.0,0.01,0.1,1.23,1.87,1.07,0.0
2,Alfie,2.0,321,1.4,Doughty,0.2,False,Doughty,0.10,0.70,0.80,4.62,0.04,0.0,0.3,0.34,1.98,2.57,0.86,0.0
4,Carlton,5.3,326,5.2,Morris,8.5,False,Morris,2.49,0.45,2.94,8.77,0.52,0.0,0.09,0.61,1.82,2.29,1.04,0.0
4,Chiedozie,1.3,328,1.2,Ogbene,0.1,False,Ogbene,0.07,0.45,0.52,2.68,0.04,0.0,0.28,0.32,1.66,2.48,0.62,0.0
4,Cauley,1.0,340,1.0,Woodrow,0.9,False,Woodrow,0.40,0.43,0.83,1.47,1.03,0.0,1.11,2.14,3.78,5.14,0.0,0.0
2,Ryan,1.0,553,1.0,Giles,0.2,False,Giles,0.06,0.35,0.41,7.05,0.02,0.0,0.12,0.14,2.37,2.69,1.01,0.0
2,Tom,1.7,575,1.2,Lockyer,0.1,False,Lockyer,0.28,0.05,0.33,7.76,0.07,0.0,0.01,0.08,1.94,2.25,1.0,0.0
3,Pelly Ruddock,1.0,582,1.2,Mpanzu,0.0,False,Mpanzu,0.37,0.93,1.30,3.66,0.2,0.0,0.5,0.7,1.97,2.16,0.54,0.0
3,Tahith,1.0,586,1.8,Chong,0.1,False,Chong,0.27,0.07,0.34,6.69,0.08,0.0,0.02,0.1,1.88,2.25,1.12,0.0
2,Issa,2.7,602,2.0,Kaboré,7.1,False,Kaboré,0.13,0.67,0.80,4.84,0.04,0.0,0.19,0.23,1.34,1.66,1.11,0.0
1,Thomas,1.3,614,1.8,Kaminski,0.3,False,Kaminski,0.00,0.01,0.01,8.82,0.0,3.4,0.0,0.0,1.76,2.2,1.0,0.0
3,Ross,0.7,630,2.0,Barkley,0.1,False,Barkley,0.24,0.31,0.55,2.88,0.15,0.0,0.19,0.34,1.78,2.47,1.23,0.0
4,Jacob,1.7,631,1.8,Brown,0.2,False,Brown,0.92,0.22,1.14,4.84,0.4,0.0,0.09,0.49,2.08,3.01,0.86,0.0
2,Manuel,3.0,341,4.4,Akanji,8.3,False,Akanji,0.03,0.29,0.32,4.01,0.01,0.0,0.06,0.07,0.8,0.4,1.0,0.6
2,Nathan,3.3,342,3.8,Aké,6.8,False,Aké,0.45,0.23,0.68,3.18,0.14,0.0,0.07,0.21,0.98,0.62,0.92,0.31
4,Julián,8.0,343,6.3,Álvarez,32.0,False,J.Alvarez,2.55,1.04,3.59,3.96,0.45,0.0,0.19,0.64,0.71,0.53,1.07,0.36
3,Bernardo,4.3,344,4.5,Veiga de Carvalho e Silva,1.3,False,Bernardo,0.35,1.36,1.71,1.97,0.11,0.0,0.43,0.54,0.62,0.63,0.95,0.32
3,Oscar,0.7,345,1.0,Bobb,0.0,False,Bobb,0.00,0.01,0.01,0.00,0.0,0.0,0.45,0.45,0.0,0.0,0.0,0.0
2,Rúben,3.3,350,3.8,Gato Alves Dias,8.8,False,Rúben,0.22,0.18,0.40,4.44,0.04,0.0,0.04,0.08,0.89,0.6,1.0,0.4
1,Ederson,3.7,352,4.2,Santana de Moraes,20.8,False,Ederson M.,0.00,0.02,0.02,4.74,0.0,1.67,0.0,0.0,0.79,0.5,1.0,0.5
3,Phil,6.0,353,5.7,Foden,14.3,False,Foden,0.87,1.04,1.91,4.32,0.18,0.0,0.22,0.4,0.91,0.42,1.06,0.64
4,Erling,10.7,355,8.5,Haaland,92.4,False,Haaland,7.79,0.22,8.01,4.67,1.33,0.0,0.04,1.37,0.79,0.51,1.02,0.51
3,Mateo,0.7,356,2.5,Kovačić,0.5,False,Kovačić,0.15,0.54,0.69,2.27,0.04,0.0,0.15,0.19,0.63,0.55,0.83,0.55
2,Rico,0.7,358,2.7,Lewis,0.3,False,R.Lewis,0.00,0.02,0.02,0.23,0.0,0.0,0.02,0.02,0.26,0.0,1.12,1.12
3,Kalvin,0.7,364,1.0,Phillips,0.0,False,Phillips,0.00,0.01,0.01,0.77,0.0,0.0,0.02,0.02,1.54,0.0,0.0,0.0
2,Sergio,1.7,366,2.5,Gómez,1.1,False,Sergio Gómez,0.00,0.08,0.08,0.02,0.0,0.0,0.48,0.48,0.12,0.0,0.0,0.0
2,Kyle,5.0,369,4.8,Walker,16.7,False,Walker,0.04,0.78,0.82,4.74,0.01,0.0,0.13,0.14,0.79,0.5,1.0,0.5
3,Matheus Luiz,2.3,566,2.0,Nunes,0.2,False,Matheus N.,0.05,0.38,0.43,4.78,0.02,0.0,0.12,0.14,1.47,1.54,0.92,0.31
2,Joško,2.7,616,3.4,Gvardiol,5.5,False,Gvardiol,0.08,0.43,0.51,3.06,0.02,0.0,0.1,0.12,0.74,0.49,0.97,0.49
3,Jérémy,4.0,678,4.0,Doku,1.8,False,Doku,0.09,0.94,1.03,2.62,0.04,0.0,0.39,0.43,1.1,0.84,1.26,0.0
3,Antony Matheus,0.7,372,2.0,dos Santos,0.6,False,Antony,0.67,0.62,1.29,5.45,0.2,0.0,0.18,0.38,1.59,1.17,1.17,0.29
3,Bruno,4.3,373,4.8,Borges Fernandes,21.0,False,B.Fernandes,2.39,2.44,4.83,10.59,0.4,0.0,0.41,0.81,1.76,1.67,1.0,0.33
3,Carlos Henrique,2.3,376,3.2,Casimiro,4.0,False,Casemiro,1.51,0.22,1.73,9.60,0.26,0.0,0.04,0.3,1.68,1.58,1.05,0.35
2,Diogo,2.7,377,2.0,Dalot Teixeira,1.8,False,Dalot,0.03,0.24,0.27,7.07,0.01,0.0,0.06,0.07,1.66,2.11,0.94,0.23
3,Christian,3.0,379,4.0,Eriksen,0.6,False,Eriksen,0.34,0.20,0.54,7.03,0.1,0.0,0.06,0.16,2.0,2.56,0.85,0.0
3,Alejandro,0.7,382,1.8,Garnacho,1.4,False,Garnacho,0.33,0.09,0.42,3.92,0.21,0.0,0.06,0.27,2.47,1.89,1.26,0.63
3,Hannibal,2.7,383,4.0,Mejbri,0.2,False,Hannibal,0.03,0.48,0.51,2.11,0.02,0.0,0.37,0.39,1.64,0.78,0.78,0.78
2,Victor,2.7,386,2.0,Lindelöf,0.3,False,Lindelof,0.15,0.04,0.19,6.83,0.04,0.0,0.01,0.05,1.74,1.02,0.76,0.25
4,Anthony,1.0,390,1.2,Martial,0.3,False,Martial,0.09,0.03,0.12,3.13,0.05,0.0,0.02,0.07,1.81,2.31,1.15,0.0
2,Lisandro,1.7,391,1.0,Martínez,3.8,False,Martinez,0.00,0.08,0.08,5.51,0.0,0.0,0.02,0.02,1.32,1.92,1.2,0.0
3,Scott,1.7,392,1.8,McTominay,0.1,False,McTominay,0.04,0.02,0.06,2.76,0.02,0.0,0.01,0.03,1.37,1.49,0.99,0.5
3,Facundo,0.3,394,1.0,Pellistri Rebollo,0.2,False,Pellistri,0.24,0.01,0.25,1.63,0.94,0.0,0.04,0.98,6.38,0.0,0.0,0.0
2,Raphaël,0.3,395,4.0,Varane,2.8,False,R.Varane,0.58,0.04,0.62,5.35,0.22,0.0,0.02,0.24,2.04,1.53,1.14,0.38
3,Marcus,4.0,396,4.0,Rashford,29.3,False,Rashford,2.25,1.26,3.51,10.07,0.38,0.0,0.21,0.59,1.71,1.69,1.02,0.34
2,Aaron,0.7,401,3.0,Wan-Bissaka,2.9,False,Wan-Bissaka,0.00,0.93,0.93,7.77,0.0,0.0,0.25,0.25,2.06,1.59,1.06,0.26
2,Sergio,2.0,508,3.0,Reguilón,0.9,False,Reguilón,0.00,0.24,0.24,1.97,0.0,0.0,0.13,0.13,1.09,1.67,1.11,0.56
1,André,3.0,597,3.3,Onana,20.7,False,Onana,0.00,0.00,0.00,10.59,0.0,4.0,0.0,0.0,1.76,1.67,1.0,0.33
4,Rasmus,1.7,617,1.7,Højlund,5.1,False,Højlund,0.55,0.07,0.62,3.22,0.28,0.0,0.04,0.32,1.65,2.05,1.02,0.51
2,Jonny,4.0,703,6.0,Evans,0.8,False,Evans,0.00,0.14,0.14,1.85,0.0,0.0,0.13,0.13,1.77,1.91,0.96,0.96
3,Sofyan,0.5,709,1.0,Amrabat,0.1,False,Amrabat,0.00,0.00,0.00,0.01,0.0,0.0,0.0,0.0,0.9,0.0,0.0,0.0
2,Lewis,0.3,204,1.0,Hall,0.2,False,Hall,0.00,0.00,0.00,0.09,0.0,0.0,0.0,0.0,0.9,0.0,0.0,0.0
3,Miguel,3.3,402,2.7,Almirón Rejala,4.6,False,Almirón,1.10,0.15,1.25,5.54,0.25,0.0,0.03,0.28,1.27,1.15,1.15,0.23
3,Elliot,3.3,403,2.2,Anderson,3.4,False,Anderson,0.10,0.24,0.34,2.66,0.04,0.0,0.09,0.13,0.98,1.11,0.74,0.74
2,Sven,7.0,405,6.0,Botman,23.6,False,Botman,0.29,0.28,0.57,4.98,0.06,0.0,0.06,0.12,1.0,0.61,1.01,0.4
3,Bruno,5.7,406,3.5,Guimarães Rodriguez Moura,2.4,False,Bruno G.,0.75,0.67,1.42,6.42,0.13,0.0,0.12,0.25,1.1,1.2,1.03,0.34
2,Dan,6.0,407,3.8,Burn,4.3,False,Burn,0.51,0.10,0.61,6.84,0.08,0.0,0.02,0.1,1.14,1.17,1.0,0.33
3,Anthony,6.0,412,5.3,Gordon,7.7,False,Gordon,1.56,1.18,2.73,5.22,0.31,0.0,0.24,0.55,1.04,1.0,1.0,0.6
4,Alexander,2.3,415,4.8,Isak,20.4,False,Isak,2.01,0.11,2.12,4.24,0.61,0.0,0.03,0.64,1.29,1.52,1.22,0.3
3,Joelinton Cássio,0.3,416,1.2,Apolinário de Lira,0.5,False,Joelinton,0.34,0.25,0.59,4.13,0.11,0.0,0.08,0.19,1.31,1.27,1.27,0.0
2,Jamaal,0.3,419,1.0,Lascelles,0.4,False,Lascelles,0.00,0.00,0.00,0.10,0.0,0.0,0.0,0.0,0.56,0.0,0.0,0.0
3,Sean,6.0,421,3.5,Longstaff,0.4,False,Longstaff,0.53,0.22,0.75,3.10,0.18,0.0,0.07,0.25,1.04,1.34,0.67,0.67
1,Nick,4.7,424,3.5,Pope,11.6,False,Pope,0.02,0.00,0.02,6.84,0.0,2.83,0.0,0.0,1.14,1.17,1.0,0.33
2,Fabian,4.3,427,3.0,Schär,5.0,False,Schär,0.16,0.07,0.23,6.84,0.03,0.0,0.01,0.04,1.14,1.17,1.0,0.33
3,Sandro,0.7,429,2.4,Tonali,2.4,False,Tonali,0.62,0.43,1.05,4.32,0.18,0.0,0.13,0.31,1.28,0.89,1.18,0.3
2,Kieran,9.0,430,5.2,Trippier,40.7,False,Trippier,0.01,1.43,1.44,6.63,0.0,0.0,0.25,0.25,1.15,1.21,1.04,0.35
4,Callum,5.7,433,4.0,Wilson,5.8,False,Wilson,3.61,0.09,3.70,2.69,1.27,0.0,0.03,1.3,0.95,1.41,0.71,0.71
3,Harvey,1.7,603,2.8,Barnes,1.8,False,Barnes,0.83,0.58,1.41,2.03,0.41,0.0,0.29,0.7,1.0,0.98,0.98,0.49
2,Tino,0.3,633,1.0,Livramento,0.2,False,Livramento,0.00,0.01,0.01,0.49,0.0,0.0,0.04,0.04,1.84,0.0,0.0,0.0
1,Matt,2.7,28,2.5,Turner,14.4,False,Turner,0.00,0.00,0.00,8.27,0.0,3.33,0.0,0.0,1.38,1.5,1.0,0.17
3,Callum,3.7,205,5.5,Hudson-Odoi,0.2,False,Hudson-Odoi,0.13,0.28,0.41,0.74,0.11,0.0,0.24,0.35,0.64,0.87,0.87,0.0
3,Anthony,3.3,378,2.7,Elanga,0.8,False,Elanga,0.55,0.92,1.47,3.23,0.24,0.0,0.4,0.64,1.39,0.43,0.43,0.0
2,Serge,2.0,436,3.4,Aurier,1.7,False,Aurier,0.01,0.27,0.28,6.57,0.0,0.0,0.06,0.06,1.49,1.82,1.14,0.23
4,Taiwo,3.7,437,5.2,Awoniyi,6.1,False,Awoniyi,2.40,0.36,2.76,6.36,0.53,0.0,0.08,0.61,1.41,1.55,1.11,0.22
2,Willy,3.3,439,3.8,Boly,0.6,False,Boly,0.88,0.32,1.20,7.44,0.19,0.0,0.07,0.26,1.56,1.68,1.05,0.21
3,Danilo,0.3,442,1.8,dos Santos de Oliveira,0.1,False,Danilo,0.12,0.08,0.20,4.48,0.04,0.0,0.03,0.07,1.41,1.89,1.26,0.0
3,Morgan,2.0,447,3.0,Gibbs-White,1.6,False,Gibbs-White,0.93,0.99,1.92,8.27,0.16,0.0,0.16,0.32,1.38,1.5,1.0,0.17
3,Cheikhou,0.3,451,0.8,Kouyaté,0.0,False,Kouyaté,0.02,0.02,0.04,1.58,0.05,0.0,0.05,0.1,3.65,2.31,0.0,0.0
3,Orel,1.7,453,1.6,Mangala,0.0,False,Mangala,0.17,0.02,0.19,4.05,0.04,0.0,0.0,0.04,0.94,1.39,1.16,0.23
2,Scott,3.0,455,2.4,McKenna,0.1,False,McKenna,0.21,0.17,0.38,5.64,0.05,0.0,0.04,0.09,1.22,1.3,1.08,0.22
2,Moussa,0.3,457,1.0,Niakhaté,0.0,False,Niakhaté,0.00,0.03,0.03,2.64,0.0,0.0,0.02,0.02,1.92,2.18,0.73,0.0
4,Chris,1.0,468,2.0,Wood,0.5,False,Wood,0.12,0.05,0.17,1.62,0.19,0.0,0.08,0.27,2.51,0.0,0.0,0.0
2,Joe,3.7,469,2.4,Worrall,0.1,False,Worrall,0.10,0.31,0.41,7.78,0.02,0.0,0.07,0.09,1.65,1.48,1.06,0.21
3,Ryan,1.0,470,1.6,Yates,0.0,False,Yates,0.02,0.02,0.04,6.51,0.01,0.0,0.01,0.02,1.89,1.45,0.87,0.29
2,Olu,2.7,604,1.6,Aina,0.1,False,Aina,0.05,0.03,0.08,6.17,0.01,0.0,0.01,0.02,1.4,1.81,1.13,0.23
2,Gonzalo,0.3,679,0.3,Montiel,0.0,False,G.Montiel,0.00,0.07,0.07,1.39,0.0,0.0,0.05,0.05,1.03,0.74,0.74,0.0
3,Nicolás,1.0,712,2.0,Domínguez,0.0,False,Dominguez,0.04,0.05,0.09,1.33,0.04,0.0,0.05,0.09,1.33,2.0,1.0,0.0
3,Ibrahim,1.0,713,1.0,Sangaré,0.0,False,Sangaré,0.06,0.05,0.11,1.34,0.04,0.0,0.03,0.07,0.83,1.86,1.24,0.0
4,Divock,0.5,714,0.5,Origi,0.1,False,Origi,0.06,0.00,0.06,0.92,0.16,0.0,0.0,0.16,2.44,0.0,0.0,0.0
4,Cameron,5.0,33,3.8,Archer,7.2,False,Archer,0.17,0.09,0.26,8.30,0.06,0.0,0.03,0.09,2.88,4.17,1.04,0.0
3,James,1.7,360,2.0,McAtee,0.1,False,McAtee,0.26,0.08,0.34,4.32,0.16,0.0,0.05,0.21,2.7,4.38,1.25,0.62
2,Anel,-0.7,471,0.2,Ahmedhodžić,0.3,False,Ahmedhodžić,0.59,0.05,0.64,15.29,0.1,0.0,0.01,0.11,2.55,2.83,1.0,0.0
2,George,0.3,473,1.3,Baldock,7.5,False,Baldock,0.00,0.12,0.12,7.40,0.0,0.0,0.04,0.04,2.66,1.44,1.08,0.0
2,Chris,0.7,474,1.0,Basham,1.0,False,Basham,0.10,0.05,0.15,5.80,0.04,0.0,0.02,0.06,2.1,2.18,0.73,0.0
2,Jayden,2.0,476,4.3,Bogle,0.1,False,Bogle,0.14,0.07,0.21,3.38,0.08,0.0,0.04,0.12,2.04,2.42,1.21,0.6
2,John,-0.7,480,0.2,Egan,0.1,False,Egan,0.10,0.00,0.10,13.32,0.02,0.0,0.0,0.02,2.81,3.16,1.05,0.0
1,Wes,1.7,482,2.3,Foderingham,0.3,False,Foderingham,0.00,0.00,0.00,15.29,0.0,5.83,0.0,0.0,2.55,2.83,1.0,0.0
4,Oliver,1.3,485,1.7,McBurnie,0.0,False,McBurnie,0.52,0.54,1.06,5.18,0.24,0.0,0.24,0.48,2.34,2.26,0.9,0.0
3,Oliver,1.7,488,1.7,Norwood,0.0,False,Norwood,0.08,0.43,0.51,11.94,0.02,0.0,0.09,0.11,2.5,2.72,1.05,0.0
2,Jack,0.3,576,0.8,Robinson,0.1,False,Robinson,0.50,0.05,0.55,15.08,0.09,0.0,0.01,0.1,2.57,2.89,1.02,0.0
2,Yasser,0.3,592,1.0,Larouci,0.1,False,Larouci,0.17,0.02,0.19,6.51,0.08,0.0,0.01,0.09,3.0,2.31,0.46,0.0
4,Bénie,0.7,593,1.6,Traoré,0.0,False,T.Bénie,0.27,0.40,0.67,9.48,0.08,0.0,0.11,0.19,2.69,2.56,0.85,0.0
3,Vini,2.0,638,1.5,de Souza Costa,0.0,False,Vini Souza,0.07,0.02,0.09,12.95,0.01,0.0,0.0,0.01,2.73,3.16,1.05,0.0
3,Gustavo,4.7,663,4.4,Hamer,0.3,False,Hamer,0.60,0.42,1.02,11.24,0.13,0.0,0.09,0.22,2.44,2.39,1.08,0.22
3,Tom,0.3,666,0.5,Davies,0.0,False,T.Davies,0.09,0.02,0.11,2.04,0.22,0.0,0.05,0.27,4.96,12.16,0.0,0.0
3,Brennan,1.0,450,1.8,Johnson,0.3,False,Johnson,0.96,0.08,1.04,4.86,0.28,0.0,0.02,0.3,1.41,2.03,1.16,0.0
3,Yves,1.3,493,1.8,Bissouma,0.6,False,Bissouma,0.51,0.51,1.02,8.56,0.09,0.0,0.09,0.18,1.47,1.2,1.03,0.34
2,Emerson,0.7,497,2.8,Leite de Souza Junior,1.1,False,E.Royal,0.05,0.14,0.19,2.41,0.05,0.0,0.13,0.18,2.24,2.78,0.93,0.0
3,Pierre-Emile,0.7,499,0.8,Højbjerg,0.3,False,Højbjerg,0.00,0.26,0.26,1.32,0.0,0.0,0.3,0.3,1.5,1.14,0.0,0.0
3,Dejan,4.3,501,4.3,Kulusevski,1.6,False,Kulusevski,0.79,1.12,1.90,8.31,0.13,0.0,0.19,0.32,1.41,1.02,1.02,0.34
3,James,5.7,504,6.5,Maddison,29.9,False,Maddison,1.78,2.24,4.02,8.27,0.32,0.0,0.4,0.72,1.48,1.07,1.07,0.36
2,Pedro,2.3,506,3.8,Porro,5.5,False,Pedro Porro,0.40,0.65,1.05,6.40,0.08,0.0,0.13,0.21,1.29,1.01,1.01,0.4
2,Ivan,1.3,507,1.2,Perišić,1.3,False,Perišić,0.12,0.80,0.92,1.44,0.11,0.0,0.73,0.84,1.32,0.92,0.0,0.0
3,Richarlison,3.3,509,2.5,de Andrade,1.5,False,Richarlison,0.94,0.11,1.05,4.98,0.33,0.0,0.04,0.37,1.74,1.05,1.05,0.35
2,Cristian,2.3,511,4.5,Romero,15.4,False,Romero,0.68,0.19,0.87,6.67,0.13,0.0,0.04,0.17,1.3,0.97,1.17,0.39
3,Pape Matar,1.3,513,3.2,Sarr,3.3,False,Sarr,1.64,0.55,2.19,5.83,0.38,0.0,0.13,0.51,1.37,0.94,1.17,0.23
3,Oliver,0.3,515,1.0,Skipp,0.1,False,Skipp,0.00,0.02,0.02,1.96,0.0,0.0,0.02,0.02,1.86,2.84,0.95,0.0
3,Son,12.0,516,7.3,Heung-min,20.1,False,Son,2.04,1.16,3.20,7.59,0.38,0.0,0.22,0.6,1.42,1.12,1.12,0.37
2,Destiny,2.3,519,4.2,Udogie,17.6,False,Udogie,0.15,0.55,0.70,8.21,0.03,0.0,0.1,0.13,1.45,1.24,1.06,0.35
1,Guglielmo,2.3,520,4.3,Vicario,5.5,False,Vicario,0.00,0.00,0.00,8.69,0.0,4.0,0.0,0.0,1.45,1.17,1.0,0.33
3,Manor,4.0,583,3.2,Solomon,0.2,False,Solomon,0.39,0.67,1.06,1.74,0.2,0.0,0.34,0.54,0.89,1.03,1.03,0.0
2,Micky,1.0,639,2.8,van de Ven,1.2,False,Van de Ven,0.04,0.06,0.10,8.68,0.01,0.0,0.01,0.02,1.45,1.17,1.0,0.33
2,Nayef,1.3,522,2.2,Aguerd,0.8,False,N.Aguerd,0.42,0.02,0.44,12.12,0.09,0.0,0.0,0.09,2.56,1.9,1.06,0.0
4,Michail,2.0,523,3.8,Antonio,4.6,False,Antonio,1.07,0.37,1.44,10.11,0.21,0.0,0.07,0.28,2.03,0.8,1.21,0.6
1,Alphonse,2.7,524,4.3,Areola,31.8,False,Areola,0.00,0.00,0.00,13.46,0.0,5.0,0.0,0.0,2.24,1.67,1.0,0.0
3,Saïd,1.3,525,2.4,Benrahma,0.6,False,Benrahma,0.38,0.54,0.92,6.54,0.11,0.0,0.16,0.27,1.96,1.5,0.9,0.3
3,Jarrod,5.3,526,6.5,Bowen,14.1,False,Bowen,2.93,0.54,3.47,13.46,0.49,0.0,0.09,0.58,2.24,1.67,1.0,0.0
2,Vladimír,3.3,528,2.7,Coufal,0.8,False,Coufal,0.00,0.59,0.59,13.46,0.0,0.0,0.1,0.1,2.26,1.68,1.01,0.0
2,Emerson,1.0,532,1.7,Palmieri dos Santos,0.7,False,Emerson,0.10,0.45,0.55,13.46,0.02,0.0,0.08,0.1,2.24,1.67,1.0,0.0
3,Pablo,0.7,534,1.2,Fornals Malla,0.1,False,P.Fornals,0.24,0.10,0.34,2.89,0.15,0.0,0.06,0.21,1.86,1.93,0.64,0.0
4,Danny,1.0,535,1.0,Ings,0.8,False,Ings,0.12,0.01,0.13,1.92,0.33,0.0,0.03,0.36,5.24,5.45,0.0,0.0
2,Thilo,0.3,537,0.7,Kehrer,0.1,False,Kehrer,0.00,0.00,0.00,0.45,0.0,0.0,0.0,0.0,2.25,5.0,0.0,0.0
3,Lucas,3.3,539,3.2,Tolentino Coelho de Lima,1.9,False,L.Paquetá,1.41,1.16,2.57,12.60,0.24,0.0,0.2,0.44,2.14,1.53,1.02,0.17
3,Tomáš,1.0,542,2.6,Souček,0.6,False,Souček,0.71,0.40,1.11,10.34,0.17,0.0,0.1,0.27,2.47,1.67,1.19,0.0
2,Kurt,4.0,544,3.0,Zouma,2.3,False,Zouma,0.26,0.00,0.26,13.46,0.04,0.0,0.0,0.04,2.24,1.67,1.0,0.0
3,Edson,1.3,642,1.2,Álvarez Velázquez,0.1,False,Álvarez,0.14,0.05,0.19,8.62,0.04,0.0,0.01,0.05,2.29,1.59,1.06,0.0
3,James,5.3,664,6.2,Ward-Prowse,13.5,False,Ward-Prowse,1.52,0.81,2.33,11.96,0.31,0.0,0.17,0.48,2.45,1.84,1.02,0.0
3,Mohammed,1.0,689,1.0,Kudus,0.3,False,Kudus,0.00,0.00,0.00,1.67,0.0,0.0,0.0,0.0,3.76,9.0,0.0,0.0
3,Tommy,0.7,351,1.0,Doyle,0.0,False,Doyle,0.00,0.00,0.00,0.98,0.0,0.0,0.0,0.0,6.3,12.86,0.0,0.0
2,Rayan,1.0,545,0.8,Aït-Nouri,0.3,False,Aït-Nouri,0.21,0.19,0.40,8.10,0.05,0.0,0.04,0.09,1.84,1.81,1.13,0.0
2,Craig,1.3,551,1.7,Dawson,0.2,False,Dawson,0.38,0.10,0.48,11.71,0.07,0.0,0.02,0.09,2.03,2.08,1.04,0.17
4,Fábio,1.0,552,1.4,Silva,0.2,False,Fábio Silva,1.12,0.09,1.21,5.58,0.42,0.0,0.03,0.45,2.08,2.6,1.12,0.37
3,Hwang,4.3,557,3.3,Hee-chan,0.2,False,Hee Chan,0.56,0.88,1.44,4.82,0.21,0.0,0.33,0.54,1.8,1.49,1.12,0.0
3,João Victor,2.3,559,2.0,Gomes da Silva,0.1,False,João Gomes,0.15,0.10,0.25,10.94,0.03,0.0,0.02,0.05,2.01,2.02,1.1,0.18
4,Sasa,0.3,562,2.7,Kalajdzic,0.1,False,Kalajdžić,0.26,0.01,0.27,0.30,1.46,0.0,0.06,1.52,1.69,5.62,0.0,0.0
2,Max,1.3,563,2.2,Kilman,0.7,False,Kilman,0.45,0.20,0.65,11.78,0.08,0.0,0.03,0.11,1.96,2.0,1.0,0.17
3,Mario,1.7,565,1.7,Lemina,0.0,False,Lemina,0.99,0.06,1.05,11.08,0.17,0.0,0.01,0.18,1.89,1.71,1.02,0.17
3,Pedro,8.0,567,5.7,Lomba Neto,3.7,False,Neto,1.28,2.18,3.46,11.78,0.21,0.0,0.36,0.57,1.96,2.0,1.0,0.17
1,José,2.7,569,3.7,Malheiro de Sá,1.5,False,José Sá,0.00,0.00,0.00,11.78,0.0,4.33,0.0,0.0,1.96,2.0,1.0,0.17
3,Pablo,0.3,570,2.2,Sarabia,0.1,False,Sarabia,0.41,0.67,1.08,2.29,0.21,0.0,0.35,0.56,1.2,0.52,1.05,0.52
2,Nélson,0.7,572,1.5,Cabral Semedo,0.4,False,N.Semedo,0.14,0.32,0.46,11.39,0.02,0.0,0.05,0.07,1.92,2.03,1.01,0.17
2,Toti António,0.3,573,1.0,Gomes,0.1,False,Toti,0.00,0.00,0.00,1.77,0.0,0.0,0.0,0.0,2.31,1.3,0.0,0.0
3,Boubacar,1.0,574,1.0,Traoré,0.5,False,Boubacar Traore,0.00,0.01,0.01,1.91,0.0,0.0,0.02,0.02,3.66,7.66,0.0,0.0
4,Matheus,3.3,590,2.7,Santos Carneiro Da Cunha,0.6,False,Cunha,2.01,0.45,2.46,10.15,0.38,0.0,0.09,0.47,1.94,1.91,1.15,0.19
2,Matt,0.3,598,0.5,Doherty,0.2,False,Doherty,0.12,0.05,0.17,2.53,0.14,0.0,0.06,0.2,3.04,3.6,0.0,0.0
